[
  {
    "id": "17bda945-37eb-4f0b-8f1c-03e368becf85",
    "data": [
      {
        "text": "Ok",
        "userDefined": false
      }
    ],
    "isTemplate": false,
    "count": 0,
    "updated": 1543662720
  },
  {
    "id": "4f76aa51-444c-4510-bcd9-e3f14d2ef5fd",
    "data": [
      {
        "text": "lets book",
        "userDefined": false
      }
    ],
    "isTemplate": false,
    "count": 0,
    "updated": 1543662720
  },
  {
    "id": "f4ea82dd-b550-47aa-9088-dca7e28fea59",
    "data": [
      {
        "text": "Sure",
        "userDefined": false
      }
    ],
    "isTemplate": false,
    "count": 0,
    "updated": 1543662720
  },
  {
    "id": "0da3bd67-57a0-412e-8e55-b5ef4a595131",
    "data": [
      {
        "text": "Okay",
        "userDefined": false
      }
    ],
    "isTemplate": false,
    "count": 0,
    "updated": 1543662720
  },
  {
    "id": "2875b0ed-4991-4a48-85ad-6c2cd74a6a26",
    "data": [
      {
        "text": "Yes",
        "userDefined": false
      }
    ],
    "isTemplate": false,
    "count": 0,
    "updated": 1543662720
  }
]