[
  {
    "id": "81a947a7-96a5-4955-9319-225226fb0ddd",
    "data": [
      {
        "text": "tell me some suggestions about you",
        "userDefined": false
      }
    ],
    "isTemplate": false,
    "count": 0,
    "updated": 1543662085
  },
  {
    "id": "5d33f715-0b0b-4721-a908-93f09d65a824",
    "data": [
      {
        "text": "tell me how can you assist me",
        "userDefined": false
      }
    ],
    "isTemplate": false,
    "count": 0,
    "updated": 1543662032
  },
  {
    "id": "c3d8517a-8e83-402f-817c-a65e3ba847fc",
    "data": [
      {
        "text": "What are your capabilities",
        "userDefined": false
      }
    ],
    "isTemplate": false,
    "count": 0,
    "updated": 1543662032
  },
  {
    "id": "0b79a680-d9e2-4174-91a6-0abccd2c697e",
    "data": [
      {
        "text": "What can you do?",
        "userDefined": false
      }
    ],
    "isTemplate": false,
    "count": 0,
    "updated": 1543662032
  }
]