[
  {
    "id": "f779ac36-2948-4728-9633-b7744fbb7447",
    "data": [
      {
        "text": "I want to travel from ",
        "userDefined": false
      },
      {
        "text": "detroit",
        "alias": "fromCity",
        "meta": "@Cities",
        "userDefined": false
      },
      {
        "text": " to ",
        "userDefined": false
      },
      {
        "text": "SFO",
        "alias": "toCity",
        "meta": "@Cities",
        "userDefined": false
      },
      {
        "text": " ",
        "userDefined": false
      },
      {
        "text": "on dec 22",
        "alias": "date",
        "meta": "@sys.date",
        "userDefined": false
      }
    ],
    "isTemplate": false,
    "count": 0,
    "updated": 1544037368
  },
  {
    "id": "c0a3cc88-6bd4-4284-8955-2cbfad102b69",
    "data": [
      {
        "text": "Book a flight from ",
        "userDefined": false
      },
      {
        "text": "vizag",
        "alias": "fromCity",
        "meta": "@Cities",
        "userDefined": false
      },
      {
        "text": " to ",
        "userDefined": false
      },
      {
        "text": "delhi",
        "alias": "toCity",
        "meta": "@Cities",
        "userDefined": false
      }
    ],
    "isTemplate": false,
    "count": 0,
    "updated": 1544037368
  },
  {
    "id": "ea7a996d-cb87-43ad-94b2-7051efd129e6",
    "data": [
      {
        "text": "I want to book a flight",
        "userDefined": false
      }
    ],
    "isTemplate": false,
    "count": 0,
    "updated": 1543601578
  },
  {
    "id": "c60054cd-177f-44db-95da-64099a48cf03",
    "data": [
      {
        "text": "Can you book a flight",
        "userDefined": false
      }
    ],
    "isTemplate": false,
    "count": 0,
    "updated": 1543601578
  }
]