[
  {
    "id": "67a37be2-9359-4e15-aa36-d81ea7fea2e4",
    "data": [
      {
        "text": "Show me the details of my flight with number ",
        "userDefined": false
      },
      {
        "text": "4656",
        "alias": "Fnumber",
        "meta": "@sys.number",
        "userDefined": true
      }
    ],
    "isTemplate": false,
    "count": 0,
    "updated": 1543609103
  },
  {
    "id": "0e0f0e81-e77e-4b32-80cf-85df4f33a999",
    "data": [
      {
        "text": "tell me the details of flight ",
        "userDefined": false
      },
      {
        "text": "1234",
        "alias": "Fnumber",
        "meta": "@sys.number",
        "userDefined": true
      }
    ],
    "isTemplate": false,
    "count": 0,
    "updated": 1543609103
  },
  {
    "id": "c3aad980-8e85-4b00-b05e-c79490b3b1af",
    "data": [
      {
        "text": "Can I have the status of ",
        "userDefined": false
      },
      {
        "text": "LH 5646",
        "alias": "Fnumber",
        "meta": "@sys.number",
        "userDefined": true
      },
      {
        "text": " flight",
        "userDefined": false
      }
    ],
    "isTemplate": false,
    "count": 0,
    "updated": 1543609103
  },
  {
    "id": "5f44437c-b515-44b6-8e62-8b0319048722",
    "data": [
      {
        "text": "Get me the details of ",
        "userDefined": false
      },
      {
        "text": "BA2490",
        "alias": "Fnumber",
        "meta": "@sys.number",
        "userDefined": true
      },
      {
        "text": " flight",
        "userDefined": false
      }
    ],
    "isTemplate": false,
    "count": 0,
    "updated": 1543609103
  },
  {
    "id": "0169e8b9-1d53-4779-b56a-1da4123ef6d0",
    "data": [
      {
        "text": "what time my flight departs",
        "userDefined": false
      }
    ],
    "isTemplate": false,
    "count": 0,
    "updated": 1543608250
  },
  {
    "id": "5431fa09-5ff7-40d0-a89e-c9ae56eccd63",
    "data": [
      {
        "text": "What is the status of my flight",
        "userDefined": false
      }
    ],
    "isTemplate": false,
    "count": 0,
    "updated": 1543608250
  }
]