[
  {
    "id": "39838565-594f-49c2-bbb5-c9bf098781a5",
    "data": [
      {
        "text": "see you",
        "userDefined": false
      }
    ],
    "isTemplate": false,
    "count": 0,
    "updated": 1543611835
  },
  {
    "id": "0308bc64-a182-4b86-81ba-e3ff249f0b04",
    "data": [
      {
        "text": "good bye",
        "userDefined": false
      }
    ],
    "isTemplate": false,
    "count": 0,
    "updated": 1543611835
  },
  {
    "id": "9a8c4f58-8c6d-464e-af03-87cb455598ae",
    "data": [
      {
        "text": "bye bye",
        "userDefined": false
      }
    ],
    "isTemplate": false,
    "count": 0,
    "updated": 1543611835
  },
  {
    "id": "5a797c1d-a744-445e-a001-b0e3d422bb84",
    "data": [
      {
        "text": "gracious",
        "userDefined": false
      }
    ],
    "isTemplate": false,
    "count": 0,
    "updated": 1543611835
  },
  {
    "id": "c44f9ce5-1892-456a-b43d-2ada7cf6b08b",
    "data": [
      {
        "text": "bye",
        "userDefined": false
      }
    ],
    "isTemplate": false,
    "count": 0,
    "updated": 1543611835
  },
  {
    "id": "2b955789-0bd1-4f0f-98c5-18fbec1ef575",
    "data": [
      {
        "text": "thank you",
        "userDefined": false
      }
    ],
    "isTemplate": false,
    "count": 0,
    "updated": 1543611835
  },
  {
    "id": "15233d93-9d77-44ec-afd3-768e448d6a10",
    "data": [
      {
        "text": "Thanks",
        "userDefined": false
      }
    ],
    "isTemplate": false,
    "count": 0,
    "updated": 1543611835
  }
]