[
  {
    "value": "Visakhapatnam",
    "synonyms": [
      "Visakhapatnam",
      "Vizag",
      "VTZ"
    ]
  },
  {
    "value": "Delhi",
    "synonyms": [
      "Delhi",
      "new delhi",
      "DEL"
    ]
  },
  {
    "value": "Detroit",
    "synonyms": [
      "Detroit",
      "DTW"
    ]
  },
  {
    "value": "Atalanta",
    "synonyms": [
      "Atalanta",
      "ATL"
    ]
  },
  {
    "value": "Dallas",
    "synonyms": [
      "Dallas",
      "DFW"
    ]
  },
  {
    "value": "San francisco",
    "synonyms": [
      "San francisco",
      "SFO"
    ]
  }
]